firstName,lastName,email
Queenie,Marijo,Queenie.Marijo@exampleEmail.com
Blake,Gualtiero,Blake.Gualtiero@exampleEmail.com
Kenna,Skurnik,Kenna.Skurnik@exampleEmail.com
Alyda,Pozzy,Alyda.Pozzy@exampleEmail.com
Letizia,Bouchard,Letizia.Bouchard@exampleEmail.com
Chloris,Bennie,Chloris.Bennie@exampleEmail.com
Dorthy,Baptlsta,Dorthy.Baptlsta@exampleEmail.com
Nananne,Urias,Nananne.Urias@exampleEmail.com
Josephine,Gaspard,Josephine.Gaspard@exampleEmail.com
Lynde,Dituri,Lynde.Dituri@exampleEmail.com
Dorene,Standing,Dorene.Standing@exampleEmail.com
Lauryn,Torray,Lauryn.Torray@exampleEmail.com
Atlanta,Nahum,Atlanta.Nahum@exampleEmail.com
Cherilyn,Durware,Cherilyn.Durware@exampleEmail.com
Roxane,Stuart,Roxane.Stuart@exampleEmail.com
Pollyanna,Magnolia,Pollyanna.Magnolia@exampleEmail.com
Ginnie,Havens,Ginnie.Havens@exampleEmail.com
Julieta,Malina,Julieta.Malina@exampleEmail.com
Constance,Hertzfeld,Constance.Hertzfeld@exampleEmail.com
Esmeralda,Ashely,Esmeralda.Ashely@exampleEmail.com
Selma,Blase,Selma.Blase@exampleEmail.com
Orelia,Decato,Orelia.Decato@exampleEmail.com
Brianna,Podvin,Brianna.Podvin@exampleEmail.com
Codie,Hashim,Codie.Hashim@exampleEmail.com
Frances,Alcott,Frances.Alcott@exampleEmail.com
Maud,Stilwell,Maud.Stilwell@exampleEmail.com
Emma,Sidonius,Emma.Sidonius@exampleEmail.com
Basia,Elisha,Basia.Elisha@exampleEmail.com
Meghann,Alexandr,Meghann.Alexandr@exampleEmail.com
Rebeca,Couture,Rebeca.Couture@exampleEmail.com
Penelopa,Ade,Penelopa.Ade@exampleEmail.com
Deloria,Henrie,Deloria.Henrie@exampleEmail.com
Elena,Garlinda,Elena.Garlinda@exampleEmail.com
Marita,Brady,Marita.Brady@exampleEmail.com
Benita,Toffic,Benita.Toffic@exampleEmail.com
Annice,Geffner,Annice.Geffner@exampleEmail.com
Steffane,Drisko,Steffane.Drisko@exampleEmail.com
Ezmeralda,Amadas,Ezmeralda.Amadas@exampleEmail.com
Vevay,Marisa,Vevay.Marisa@exampleEmail.com
Sidoney,Horan,Sidoney.Horan@exampleEmail.com
Agathe,Faria,Agathe.Faria@exampleEmail.com
Chrystel,Infield,Chrystel.Infield@exampleEmail.com
Tierney,Leonard,Tierney.Leonard@exampleEmail.com
Yetty,Solitta,Yetty.Solitta@exampleEmail.com
Judy,Alfons,Judy.Alfons@exampleEmail.com
Marita,Lenny,Marita.Lenny@exampleEmail.com
Lauryn,Guildroy,Lauryn.Guildroy@exampleEmail.com
Hannis,Bonucci,Hannis.Bonucci@exampleEmail.com
Arlina,Isidore,Arlina.Isidore@exampleEmail.com
Sara-Ann,Bollay,Sara-Ann.Bollay@exampleEmail.com